,task_id,uuid,violation,description
0,5f127f55fdc4150010e37244,535a6147-cdc3-49f4-9a97-002a7e3195ba,Success,The task has passed check 1
1,5f127f55fdc4150010e37244,e2284849-dfbf-44cc-98f1-fc09420102c0,Success,The task has passed check 1
2,5f127f55fdc4150010e37244,ba0d00b6-cd39-42bd-b977-a8a15cc474de,Success,The task has passed check 1
3,5f127f55fdc4150010e37244,cccda4ab-2cf6-43c6-97d3-5616152ed974,Success,The task has passed check 1
4,5f127f55fdc4150010e37244,972ac409-a86e-41eb-b0e2-f667c065dd5a,Success,The task has passed check 1
5,5f127f55fdc4150010e37244,f4501d53-1ff5-474c-81a2-fc0412d028fa,Success,The task has passed check 1
6,5f127f55fdc4150010e37244,b946a4bc-4d48-4301-8ac1-24a93d379696,Success,The task has passed check 1
7,5f127f55fdc4150010e37244,4240108c-1969-415a-ad1e-2c5a07217167,Success,The task has passed check 1
8,5f127f55fdc4150010e37244,ec8b8899-5d60-44c1-9919-fae2902d2705,Success,The task has passed check 1
9,5f127f55fdc4150010e37244,804358f6-1bfd-4903-9edc-9de27c5fe27b,Success,The task has passed check 1
10,5f127f55fdc4150010e37244,725f1bb1-431c-4f3c-9602-be79c555547b,Success,The task has passed check 1
11,5f127f55fdc4150010e37244,8e1a898d-7ed1-4abc-8ef1-4a2a47eb5cad,Success,The task has passed check 1
12,5f127f55fdc4150010e37244,941944be-8add-4b0d-b604-32683cb47cef,Success,The task has passed check 1
13,5f127f55fdc4150010e37244,73bb5a1f-39d6-494d-8ce0-7835a3a9dce4,Success,The task has passed check 1
14,5f127f55fdc4150010e37244,97319a82-2635-4785-9589-ff7e0b67bf81,Success,The task has passed check 1
15,5f127f55fdc4150010e37244,31b6471b-0af3-4eb0-9923-57ca32972fde,Success,The task has passed check 1
16,5f127f55fdc4150010e37244,b43ba10e-0507-4eaf-ba67-c6fb49d6beca,Success,The task has passed check 1
17,5f127f55fdc4150010e37244,3d2d21c8-7c44-4c04-911b-168c22db6b48,Success,The task has passed check 1
18,5f127f55fdc4150010e37244,61f914e3-5699-4e7c-b3be-c9722b43c229,Success,The task has passed check 1
19,5f127f55fdc4150010e37244,17b437ad-168b-47c6-92de-3b308157ce0b,Success,The task has passed check 1
20,5f127f55fdc4150010e37244,5111c4d1-5f26-4860-a834-b3890ae5d362,Success,The task has passed check 1
